Content,Video title,Video publish time,Duration,Views,Watch time (hours),Subscribers,Estimated revenue (USD),Impressions,Impressions click-through rate (%)
Total,,,,1320361,7693.0517,1365,0,6654810,10.39
KQr1J7gQ1fI,It's NOT a Joke 🙂😡🤬 | Indian Guy,"Jul 8, 2024",20,166903,772.3535,207,,1073623,12.6
JxGxwVrGEvc,iShowSpeed literally fart in the middle of his date 😂🤣 #ishowspeed #speed #viral #speedfart #korea,"May 18, 2024",22,109903,313.7207,144,,435840,5.88
8uCfCpu6tqg,mom look at this a and b 🤣💅,"Aug 19, 2024",6,105941,168.0828,177,,145234,18.79
qZzYiQ1DjOw,"""The Devil 😈 named Curry 👨‍🍳 is hurting us""","Aug 16, 2024",71,73695,877.7405,34,,397252,15.45
MOni7nVh1WM,Speed and his new girlfriend Vanessa's Birthday 👀❤️,"Oct 7, 2024",20,60578,195.267,27,,175486,10.13
vy9WQ3Ak7hI,Fear x Disgust | Inside Out 2 Romance 💗,"Jun 27, 2024",20,55364,354.4366,150,,298369,8.67
A0MQM_5iUXc,"""Joy I know you're in there"" | Inside Out 2","Jun 23, 2024",34,49532,413.1373,110,,743136,5.44
DCiRkHmb6UA,Just put the fries in the bag 🍟😂,"Jul 2, 2024",67,45682,411.7706,20,,172144,23.08
ZooqwT7h2v8,Fat boy jamal YT Channel! | Speed helping his brother 💯🔥,"Aug 23, 2024",75,36873,275.6629,51,,272109,12.76
fdJo3gxj0EQ,"""I'm not zesty"" | Charlie the commentator 😂🤣","Jul 8, 2024",71,34728,360.3812,30,,100161,25.58
Nf682Hv_q_c,"If I snap my fingers, you'll forget that you were gay"" #viralshorts","Sep 1, 2024",22,34013,197.4407,11,,127862,5.36
i2OT1tsgN_A,Barber Starts Questioning Speed and Amy's Relationship 😤😡🐍,"Jun 9, 2024",65,32987,334.3382,11,,174646,17.45
SS4TCpvOBqM,Kai reacts to Speed's hairdresser wildin at Amy!!!,"Jun 15, 2024",89,29317,486.2592,3,,184723,13.99
XODxw_npZaQ,"""You spilled the tea"" 😭 | Inside out 2 Clip (Spoiler Warning) ⚠️","Jun 18, 2024",64,26631,207.9632,30,,251075,5.76
S4k6fjzhjek,Fat boy jamal meets ray for the first time 🤝,"Aug 23, 2024",12,25500,63.876,47,,281178,5.44
jHmSs4wLoaM,I TOLD YOU Wrong Number 🤬,"Jul 7, 2024",32,18977,101.3577,11,,47160,18.84
awTsjjLg-qU,Types of Rejection Indian Guy ✅😂,"Jul 7, 2024",18,16516,82.0555,17,,40617,17.98
aqeAb3GeTfM,Speed off camera is so calm 😂,"May 22, 2024",12,15974,56.5048,15,,10852,14.86
CXloge1OD18,KSI just pushed Speed into the water and broke his phone that Amy got for him... 💔,"Jun 5, 2024",18,15458,41.3893,14,,42414,10.55
06sYnrYlBo0,Amy 🇰🇷 & Speed 🇵🇹 vs the 🌎,"May 29, 2024",20,15001,79.1309,25,,13931,12.44
_A1W_n7wmrU,Anger maybe likes Joy being angry 😭,"Jul 5, 2024",10,13729,47.0756,41,,57017,8.9
kSmx0Az-h70,"""They will know me one day"" 😭😭","May 27, 2024",15,13023,52.0776,7,,1478,2.37
rkq4TFNQK-Y,MrBeast gets Speed to advertise feastables 🍫,"Jun 5, 2024",46,10840,99.7119,10,,1583,1.07
GOySFPw9Xzk,The dogs were scared from ishowspeed barking 😭,"May 24, 2024",22,10790,54.3436,13,,1973,4.05
17_ukJnYe1E,Old but Gold 💸😂,"Jun 6, 2024",17,10785,65.387,19,,917,0.33
chPkw8kzrNk,iShowSpeed is it pink?,"May 18, 2024",17,10695,41.5392,2,,86055,11.22
ZOLPnb6y_1s,We made the right guy famous ❤️💯,"May 30, 2024",43,10138,86.2868,79,,2110,3.46
7Pem0-tJcpI,Speed caught feelings from Amy 😭❤️‍🩹,"May 28, 2024",14,9768,35.79,10,,1832,3.11
Lu6yB8eX_18,Pepsi Bottle Bounce Guy #foryou #fypシ゚,"Aug 18, 2024",8,8677,14.6433,3,,19141,15.52
7m7cOmVc4zA,Speed Crash TukTuk Motorcycle in Thailand 😢💀🇹🇭,"Sep 9, 2024",73,7587,71.0038,5,,22637,29.66
sRmVdZWbxPA,"My man Literally said ""It's Fake bro""😂🤣","May 17, 2024",19,7480,34.915,3,,703,2.13
pap4c8P4320,Jared Mccain is half Filipino 🇵🇭 #philippines #nba #fyp #shorts,"Jul 9, 2024",17,7410,36.087,1,,21779,16.97
y3wxmfeLd7Q,🗣️🔥 #speed #ishowspeed #gibberish,"Aug 27, 2024",12,6985,20.2132,4,,20899,13.03
IU8JA__fZtU,Fan asks Speed how Amy is after their breakup 💔,"Jun 24, 2024",12,6754,19.9398,4,,26969,7.25
ZCqiW8bDo1g,Anger just fell in love with Joy 💗💀,"Jun 18, 2024",15,6708,30.0893,34,,44498,6.15
Bijb0cCtguY,Speed finally kissed Amy! 😙💋,"May 26, 2024",28,6377,35.4016,9,,35151,8.31
iMQzzFxjvKE,Le diable Curry 😈 | ma meileure edit 🥶,"Oct 10, 2024",64,6131,67.4562,0,,22500,23.04
4DAkfcsJGAc,Inside Out 2 Anxiety Attack Scene,"Jun 18, 2024",21,5656,34.4149,8,,40602,11.85
CQHsHgma79Q,Day 11 No iPad Kid,"Aug 2, 2024",6,5551,7.0903,9,,7026,18.37
cdbHvjHgHxM,Its about drive it's about Ronaldo! ⚽🇵🇹,"Jun 4, 2024",13,5549,17.3327,4,,811,10.85
4Nqg7foFy5E,Speed and Amy in london ❤️😍,"May 25, 2024",15,5134,23.6841,3,,5139,3.27
wkqhOu8vMJo,Courtney the barber Apologized to Amy 😤,"Jun 15, 2024",31,4821,27.8743,2,,21241,12.5
V_hcxCTA3xM,Speed is lowkey attractive 😍❤️,"May 26, 2024",16,4685,18.4091,20,,3133,7.66
EouVkNU7vjM,Sadness💙 x 🩷Embarrassment,"Jul 1, 2024",23,3942,17.023,10,,17572,7.28
m9d8-vXhjUE,"""Why did you redeem it"" 🤬 | Scammer loses his whole life savings 😂","Jul 13, 2024",73,3691,44.0614,1,,13765,20.58
g7eaFFHluhg,Speed meets tenge tenge irl 😂 #ishowspeed #tenge #shorts,"Jul 3, 2024",12,3486,8.927,7,,17541,8.19
sjBon_h1YW0,Speed irl stream in Philippines 🇵🇭 will gonna be 🔥,"Jul 17, 2024",63,3126,26.7512,2,,44378,6.36
myLiyAPgLKc,Joy being Angry in 5 Languages | Inside Out 2,"Jun 21, 2024",129,2987,42.3142,5,,38096,6.23
QFDGUiU90Io,"Speed asks his girl ""is it pink?"" 🤭","May 20, 2024",25,2849,15.7193,1,,18262,8.05
yIOogIZ-yjU,Speed is coming to the Philippines! 🇵🇭😱,"Jul 12, 2024",11,2761,8.6503,6,,19441,7.71
HGNfI7YIQDs,Speed smells Amy's hair 😂,"May 30, 2024",22,2670,11.4553,2,,16617,6.79
8FRiAHIO3-8,Lego 9/11 First person POV ✈️🏙️💥,"Oct 4, 2024",18,2496,11.8034,3,,13311,14.54
TXIp4_EMw5c,"""I'm you"" Ishowspeed Jr. 🐵🤣","Aug 8, 2024",32,2425,9.719,6,,7438,7.29
Y_D6hvAQmsk,"""Please Kill Me"" 💀😭 | Inside Out 2 #anger #shorts","Jun 30, 2024",7,2371,6.2256,9,,5112,15.53
7Y5rpamSZI4,"I TOLD YOU ""I DON'T CARE"" Indian Guy Meme 😂","Jul 28, 2024",24,2361,11.1764,3,,9236,11.02
FU4Gvq7Kr_I,Spell Us-Age 😂🤣,"Jun 23, 2024",75,2207,38.3463,3,,7369,23.29
24Ra8LEca-Q,"Speed was spotted in Madrid, surrounded by a bunch of fans 😂","May 31, 2024",10,2185,6.1005,1,,2541,3.82
PRKSvbo26N4,Baby Maverick core 🥹🤣,"Jun 10, 2024",61,2091,17.5213,3,,10249,18.79
ddPrwKTmo80,Apple guy running original🏃Bro has ♾️aura #youtubeshorts,"Jul 18, 2024",21,2040,8.8808,1,,10232,8.84
WvxbW2sP1hc,Speed vs Crazy fans in BGC Philippines 🇵🇭🥶,"Sep 11, 2024",29,2023,11.6811,3,,13578,13.25
qA6KFoInhjQ,Joy delusional scene 😂🤣,"Jun 18, 2024",33,2000,17.7544,6,,12863,7.42
eWvWd0Gr56Q,Speed felt Betrayed by Mr Beast 🥲 #ronaldo #ishowspeed #mrbeast #shorts,"Dec 6, 2024",41,1993,12.8631,3,,2057,0.97
eRDukQOnlWc,Speed tries to dunk in a Philippine basketball court 🏀😱🤯,"Sep 11, 2024",109,1988,27.6622,2,,14453,12.64
w2Ac5swaES4,Charlie the commentator bellingham 😂,"Jul 15, 2024",63,1952,11.817,1,,8968,18.9
RXa3zN4zdCs,Joy x Anger | Best Inside Out 2 Moments 😂💗,"Jun 27, 2024",30,1914,11.2679,5,,9731,6.6
QRejmtXy1fM,Speed gets kissed in lips by a guy in bulgaria 👄😂,"Jul 11, 2024",31,1889,13.9432,2,,9949,15.54
TY8Z1Q6Ndzo,"What is your biggest mistake? ""The BIGGEST BEEF STEAK"" 🥩😋","Sep 2, 2024",12,1870,5.7024,2,,5549,4.52
ec8Q8rmyPC4,"""Joy I know you're in there"" in 8 Languages | Inside Out 2","Jun 30, 2024",65,1838,21.2402,5,,14613,9.92
D3IKLNgiUFA,Speed getting chased by a pitbull 😂🐕‍🦺,"Jul 19, 2024",16,1819,5.8957,3,,9439,4.93
6TOZtUCBN8I,That one Barber destroy Speed and Amy Relationship 😤😡,"Jun 9, 2024",64,1787,13.3589,0,,14670,11.45
Jl_8D3ITA68,I'm gonna lie she's so pretty,"Jun 10, 2024",11,1780,4.4907,0,,10674,12.03
BAXUCVD8Epc,You're 20 and I'm 20 too! Original,"Mar 11, 2025",52,1778,13.0153,2,,6312,4.78
UBrTKkMhYi8,Charlie the commentator being Zesty 😭💀,"Jul 8, 2024",63,1760,13.8214,2,,14119,10.73
2eR5NkvzTys,Hey Speed did you know?,"Nov 12, 2024",11,1699,5.1003,0,,7862,17.07
jjvMkz2qRBs,Sadness and Embarrassment 💙🩷 Inside Out 2 Edit,"Jul 1, 2024",19,1697,7.3136,3,,9040,5.63
wiYuMSZMZrA,Slipz exposed Speed and Amy was a script...,"Jun 11, 2024",161,1689,24.5461,-1,,10061,14.6
m60TcOtclEc,"Kyler ""B*tch don't you know I know Karate"" 👊","Jul 23, 2024",12,1640,5.6189,3,,6529,12.42
t542ZLgzNzI,I Dun't know 😭🥹 #indianguy #memes @FamousRam,"Aug 7, 2024",21,1636,6.298,1,,4644,14.49
nL_o7dFYzKk,Chinatsu Curry #bluebox #chinatsu #stephencurry #anime #curry,"Mar 3, 2025",34,1524,4.033,1,,8655,5.62
JpgPUNbF0gY,Embarrassment talks For The First Time 😭 | Inside out ✌️,"Jun 18, 2024",19,1464,7.8154,6,,9254,12.96
_nKT56oxbEA,Speed irl stream in BGC Philippines 🇵🇭😱🥶,"Sep 11, 2024",67,1444,10.5573,1,,8706,15.22
0rR8p54GuA4,IShowSpeed vs Pinoy Hooper 🇵🇭🏀,"Sep 11, 2024",61,1393,10.8391,1,,14292,9.05
VUiyXvRFt_g,Ranking Top 5 kurtymac Moments #capcut #funny #viral #kurtymac #top5,"Apr 15, 2025",62,1281,6.143,0,,1880,1.44
cVqTbkb_gdQ,Speed helping people in the Philippines 🥹🇵🇭🫶,"Sep 11, 2024",18,1263,5.4699,3,,10299,5.26
2lEwEQXv2B8,Guy cooking in kitchen boiling water spilled 👨‍🍳🔥 #memes #funny,"Aug 18, 2024",9,1243,2.5848,0,,5396,7.43
Hnev7NuY5FI,Kai and Speed Chained Together irl 🔗😂🤣,"Jul 22, 2024",61,1205,12.276,0,,9040,12
qMsI21kU4KQ,Kai reacts to @AmyGlamy saying she had feelings for Speed #shorts #ishowspeed,"Jul 16, 2024",20,1204,4.4248,2,,6078,7.83
xvUH_EziS_4,"A Colour that starts with letter ""M""","Jan 21, 2025",6,1196,1.816,1,,9479,9.48
WuJCEe-3PRc,New Emotions for Inside Out 3 #fyp #pixar,"Jun 23, 2024",18,1176,5.6275,4,,7885,7.5
nFzVcenGAgE,The Rizzler get out 👏 #therizzler #therizz #fyp #foryou #memes,"Aug 22, 2024",10,1111,2.8087,0,,4969,13.16
Ss74nSrqJNk,IShowSpeed Dunking 😱,"Jul 11, 2024",26,1105,6.9309,1,,2795,11.16
o_vebPOT2yI,Speed touches Rim 💀🏀,"Jul 4, 2024",11,1101,3.1708,0,,4678,10.77
CdTrmDxgsLQ,Speed Reaction to Amy 🤭😍,"May 22, 2024",33,1090,7.8539,1,,18246,2.59
kvlht7enz3A,Speed's 4th day eating doner 🤣,"Jun 21, 2024",11,1087,3.4017,0,,5516,8.58
9-d7sR8-o5I,Speed meet Edi Rama in Albania 🇦🇱🤯 #ishowspeed #edirama #fyp #albania,"Jun 20, 2024",54,1025,10.1812,2,,7632,8.96
rDedDw5qzdE,Speed's hair is for sale! 💀😭,"Jul 6, 2024",25,1018,3.4195,0,,5357,10.02
W9i9eNf--y0,How to get girls number #famousram #indianguy #funny,"Jul 12, 2024",16,1011,4.4657,1,,3836,12.23
d0cDrd1gS4c,Speed irl stream in the Philippines!? 🇵🇭😱,"Sep 10, 2024",12,989,3.4289,1,,8795,6.79
sLSwOn2mU7I,Did Amy delete her Instagram Account? 😭,"Jun 11, 2024",45,978,4.5413,0,,3823,15.67
jhoI8_EQTiw,Lowkey she kinda look like Riley irl,"Jun 26, 2024",14,977,3.0503,5,,4265,10.01
emnf6IZ7tq8,I literally can't stop watching Speed x Amy edits ❤️‍🩹,"May 30, 2024",15,966,3.1765,1,,5924,13.96
xPbfdsdKmBA,Speed lets girl barber mess things up with himself and Amy 😬🐍,"Jun 9, 2024",58,960,7.1066,0,,5793,6.84
CvTOnT5Zjc8,⛈️💀 #par #philippines #typhoon #gener #ferdie #fyp #bagyonggener #bagyongferdie,"Sep 4, 2024",19,925,6.4618,3,,3516,10.69
MhwM8t4uENs,Funcle stuttering 🗣️🔥 #fyp #viralshorts #memes #brainrot,"Jul 29, 2024",13,919,4.57,1,,2662,18.29
4IgxtQ0AZfE,Speed met Swiss Grandma with the same vibes 😂,"Jul 6, 2024",24,883,3.7493,0,,6699,5.22
Xh4yOTxAjj0,Speed and Amy meet again 🫶,"May 25, 2024",41,817,4.4972,0,,5105,6.74
oEPhIoJlyJ4,IShowSpeed Attempts to kiss his new Girlfriend but got rejected 😭 #ishowspeed #speed #southkorea,"May 18, 2024",49,798,4.8955,3,,2407,7.44
k53sAvI1Xdo,Ai Speed kiss Ronaldo 💋💗,"Jun 28, 2024",19,756,3.7383,0,,6053,5.93
7VXuCMawe0g,Haters will say this is Ai #superidol #ishowspeed #ishowspeedchinese #ishowspeedchina #fyp,"Mar 31, 2025",15,751,1.4554,1,,1892,3.22
ONW2jrT5o7Y,That one Riley Edit 🔥,"Jun 23, 2024",15,750,3.7553,2,,2717,17.34
qUM4Q3Hy1dQ,Anxiety and Anger #insideout #insideout2 #movie #shorts,"Jun 18, 2024",12,739,2.725,4,,6030,4.46
tgetVe5RJPU,"Different Types of ""Bye"" Indian Guy Meme 🤣","Jul 16, 2024",26,712,3.818,1,,2344,17.19
0gJglqjc8FM,@AmyGlamy was too pretty for this!!! 💅😍,"Jun 14, 2024",23,691,3.0244,0,,10520,2.58
T6xOu9tNyb4,Indian boys Buried Alive Challenge GONE WRONG ⛈️⚠️,"Aug 3, 2024",64,639,5.6875,0,,5128,11.19
oUjRiSIj24Q,@AmyGlamy #amy #amyflamy #fyp,"Jun 13, 2024",15,602,2.0923,1,,12380,2.82
Kf0OFYhSeIc,Amy rizz Speed 😍🥰,"May 18, 2024",86,601,7.2128,1,,3375,15.47
HXUhTaafsao,Speed drives Lamborghini in streets of Germany 🏎️🇩🇪,"Jun 17, 2024",11,583,1.9281,0,,5915,4.51
hnkn68V0s9M,Time Traveler stops Charlie from going viral 🤯💀,"Jun 19, 2024",13,580,2.1683,0,,2771,12.38
TMdcxgXy9sE,Speed x Manny Pacquiao soon! 🐐🇵🇭🥊,"Jul 17, 2024",20,577,2.6067,2,,4838,5.33
r58687DzZO4,Speed surprised everyone at MrBeast 50 YouTubers event,"Jul 14, 2024",13,577,2.1729,0,,4994,5.65
PNFXhw2BUQU,"""Hey big fella"" | Inside Out 2","Jul 1, 2024",6,567,1.0399,1,,2204,18.56
144b99-tIWE,His smile faded in s2 ☹️ #squidgame #squidgameseason2 #edit,"Nov 5, 2024",15,563,3.3825,3,,2807,9.58
U7ukroPy4WQ,@AmyGlamy Gives advice 😍💅 #ishowspeed #viral @IShowSpeed,"Jun 15, 2024",40,540,3.8552,2,,7644,4.41
GO1Ba9ZgSBc,iShowSpeed just interrupted a kdrama scene in korea 😭,"May 18, 2024",11,510,1.4097,0,,4566,4.64
A7-wCXRcpTU,Different Types of Thank You 🙏🤣 #funny #relatable #fyp #indianguy,"Aug 10, 2024",16,505,1.9665,1,,1343,20.25
YBn1JiS7jqc,ishowspeed reacts to fan art with jamal monkey 🐵,"May 24, 2024",78,483,5.3173,0,,4615,9.47
 -TNbFlc9308,Speed Fans all over the world are crazy 🤯📈🇦🇱,"Jun 21, 2024",18,474,2.0718,0,,2672,8.05
OpcZmlRLt-8,What age should you give up on your dreams? #meme #fypシ゚ #viralshorts,"Sep 3, 2024",11,458,0.845,0,,1553,9.14
_a3kgVlvukg,Amy's version I'm fine I'm okay gwenchana 🤣,"Jun 10, 2024",6,454,0.8506,0,,4357,5.16
z1Pzz8_PHFQ,Speed call Amy for another hung out ❤️,"May 24, 2024",16,444,1.4564,0,,3815,3.91
RHKXcA9LnVo,Amy respond and clarify of the rumors...,"Jun 1, 2024",52,443,1.5366,0,,340,7.06
w3G_A2vAHN0,"""WHO"" let the dogs out? Indian Guy Meme 😂 #funny #shorts","Jul 11, 2024",11,443,0.9883,0,,2018,7.98
DXoUPW2d5nU,What's 9 + 10 = 21 Ai Interrupting Meme,"Jun 26, 2024",10,437,1.2276,1,,1143,10.76
blhGWtIwzug,Amy Glamy #amy #amyflamy #fypシ゚viral,"Jun 13, 2024",11,433,1.03,1,,25494,1.15
qvWJtjME9sI,Speed's dog was traumatized 🥹,"Aug 31, 2024",20,430,1.2816,1,,1741,10.68
V3G4LOek-j4,These Ai Interrupting meme videos are kinda scary ngl 💀,"Jun 19, 2024",13,425,1.6491,0,,3386,11.19
Rcqocv3NXSA,Speed tries to do a backflip on a Carnival Ride 🎡🤯,"Jul 20, 2024",44,415,3.8663,1,,2829,6.68
AGbZrzMa2KM,Speed Eating MEOW MEOW 😺🇵🇭,"Sep 12, 2024",26,395,3.1398,0,,2627,7.08
e6sAEZNfsog,Darren and Amy ✅,"May 30, 2024",24,393,1.3619,0,,1479,13.12
xGTUc43V1yA,Joy being Angry at this moment 💀😳,"Jun 23, 2024",10,392,1.286,0,,1639,6.65
YRBItDVzLy0,Top 5 Kurtymac Funniest Moments #fyp #clips #funnymoments #top5 #kurtymac,"Apr 15, 2025",65,391,3.059,1,,2814,2.74
w0toa1h3Pfc,IShowSpeed eyyyy 🤙,"Sep 13, 2024",12,391,1.2623,0,,3125,6.78
bsneTXgEtS8,Speed humiliates a Gaelic Football player 💪🤯,"Jul 19, 2024",8,379,1.0341,0,,3503,3.31
Yje6E81LvfM,Charlie the commentator screaming through day and night 💀😭,"Jul 15, 2024",62,378,3.144,0,,2868,10.74
c92XqyFfUfk,Speed taking his barber side and not his girl is crazy 🥲😤,"Jun 9, 2024",87,371,2.8558,0,,2110,16.4
uzH8j-dn4Ns,Ohio final boss #laugh #viralshort,"Oct 10, 2024",22,361,1.6225,1,,2655,4.37
vcaAzPrYyTA,"""Daddy chill"" (Ai Version)","Jun 26, 2024",19,361,1.6373,1,,1044,21.17
7g9_mT0aq-w,Ennui is Taking a Selfie in Inside Out 2,"Jun 26, 2024",14,355,1.4008,0,,1492,13.61
SV4YZuFZAdY,IShowSpeed cut his Dreads for Amy 💔😭,"Jun 11, 2024",22,354,1.6488,0,,2301,7.95
TA8rlCf7OYQ,Joy breaks character on Inside Out 2 👀😭,"Jun 23, 2024",16,354,1.5295,4,,2482,3.55
RGlw7Q7naM8,Kyle Kuzma plays ball in Philippines 🇵🇭🔥,"Aug 27, 2024",61,353,3.3568,0,,2649,6.87
4ffmtH-VkC4,Riley Has Mood Swings | INSIDE OUT 2,"Jun 24, 2024",77,349,4.9798,0,,2321,11.72
oBubuycP74w,Amy calling Speed Darren 🫢,"May 29, 2024",24,342,2.0778,0,,1267,13.02
f9Aa3POrRkk,Must have been the wind 🌬️🫠 #ja #jamorant #edit #nba,"May 24, 2025",6,336,0.2971,0,,2459,3.29
BXjXRcPKX4c,"""If you're jealous, then just go cry about it"" 😘🤪","May 29, 2024",19,327,1.3381,1,,901,17.98
 -KeDDMSW48Q,mocNY GAZ Speed 😂💀,"Jul 8, 2024",76,324,3.5375,0,,1839,10.01
1g7SJk5GZOw,When bro asks for food at skl: Indian Guy Meme,"Jul 19, 2024",17,317,1.3565,1,,3342,3.53
MToIYobc9zI,Jayson Tatum wants that Iconic Moments so bad 💀,"Jun 19, 2024",14,313,1.1592,0,,1305,21.3
ujTy4rdoScg,"""Speed has no girl fans"" 😂 #ishowspeed #italy #girls","Jun 24, 2024",15,312,1.1273,0,,3738,3.96
I5B8i890Yvo,"""brother"" in Japanese sign language 😳💀","Aug 23, 2024",23,309,1.3124,1,,2255,6.16
F_DFKSAUzuk,She's Hot and Cold 🥵🥶,"May 31, 2024",24,307,1.5156,0,,1741,8.33
eqRY2zwEQ7A,Skibidi Lebron James 🗣️🔥 #lebronjames #skibidi #skibiditoiletmeme #funny,"Aug 13, 2024",22,307,1.2157,1,,1524,9.97
YkaEktEEHio,IShowSpeed visits the Philippines 🇵🇭 in Tondo Manila!,"Sep 11, 2024",34,305,1.5387,0,,2628,4.03
UZ3t4iMDLUI,Time Traveler Ai Meme 🤯,"Jun 18, 2024",8,304,0.7724,1,,3065,8.32
D6aavASR0zU,"""Only one rider"" is crazy 🥹😭 #shortsfeed #funnyclips","Aug 21, 2024",11,300,1.0934,0,,569,0.88
YD9smMaazFg,Speed breaks character everytime he hears Amy's voice 🤣😂,"Aug 23, 2024",34,296,2.2459,0,,3152,8.06
H4Jmyzmxk68,Charlie reacts to viewers screen time 😂🤣,"Jul 17, 2024",73,291,3.6652,0,,2055,12.94
f2jIoY151pM,The Moment Amy told all of the haters to cry about it 😂🤣,"May 29, 2024",8,281,0.8737,1,,1052,9.7
dRpmDCuwNEo,Speed hit MrBeast with egg 🥚👀,"Jul 19, 2024",7,279,0.5127,1,,1813,8.05
QcEn00Inlv4,Amy Glamy official YouTube Channel #amy #amyflamy #fyp,"Jun 13, 2024",11,278,0.6193,0,,24584,0.74
4QSRqN09xnE,Bruh Throw the Grenade! 💣💥 #ja #jamorant #edit #viralshorts #fypシ゚viral,"May 12, 2025",43,277,0.7922,2,,3460,1.21
gcJb5BimXMM,Speed muay thai spin kick 😱🥶,"Sep 10, 2024",33,261,1.7787,0,,1462,11.97
0ZuF_B3lCM4,Speed punch his bodyguard 💀,"Jul 16, 2024",16,258,0.9472,0,,1774,7.16
xcb7CcEZJ8c,Speed still has feelings for Amy Broo 💗,"Jun 16, 2024",13,258,0.879,0,,3531,3.43
DBUkghiERSE,Inside Out 2 Riley vs Bree's Disgust | Who Wins?,"Jun 28, 2024",25,249,0.9404,1,,1594,11.17
6wXm_GCBYkk,Mike Tyson biting his gloves 🫦🥊,"Nov 16, 2024",19,244,0.9148,0,,3479,1.55
fosBQPylUkA,Speed crying over Amy 💔😭,"May 27, 2024",36,244,0.7931,0,,2084,3.26
uotII-6UtGk,"Kim Kardashian posted KaiCenat and Ray at ""American Dream Mall""","Jun 16, 2024",23,242,1.0703,0,,2225,5.84
2fCPCC6eEFk,irl stream Speed in Cambodia 🇰🇭 #ishowspeed #cambodia #speed #viralshorts,"Sep 16, 2024",12,238,0.4765,0,,2242,2.19
gqPipn0hk9Y,ANITA MAX WYNN but it's an Ai Version,"Jun 27, 2024",12,237,0.8208,0,,2259,7.97
54mwy9K27G0,The face of having great responsibilities 🤯😂 #shorts,"Aug 15, 2024",14,231,0.62,0,,743,10.9
q2vsOaNhYlY,ishowspeed and amy last convo 💔🥹,"May 27, 2024",15,230,0.8141,4,,1160,3.19
aTt9Fo2jK_U,"I don't like ""JOKES"" 😡👺💀","Aug 13, 2024",23,229,1.0225,1,,911,14.93
tjtgRvKO3lA,Charlie gets STREAM SNIPED by a spider 🕷️😂,"Jul 9, 2024",145,226,2.6476,0,,1338,15.02
tlsOGNGqP50,Anger x Pouchy | Inside Out 2,"Jul 2, 2024",14,220,0.5647,2,,1541,11.36
_ekfrGEqG4g,Speed Rents out a whole mall in london just for Amy to go shopping 🥹,"May 25, 2024",61,219,1.5421,0,,2066,3
Ur8zF84PWpU,The best shooter off the Court 😮‍💨💪💯 #ai #stephencurry #warriors,"May 9, 2025",16,213,0.3834,0,,1597,2.76
3oJW1CaPTjY,Jamal slaps the Speed of light ⚡ #ishowspeed #shorts,"Aug 19, 2024",23,211,0.7676,0,,1909,5.71
4JUN_PL43Xg,Amy explains why she still hasn't used the pink Iphone Speed gifted her 🎁,"Jun 7, 2024",78,209,1.6367,0,,1221,15.4
8Ml_e-9H9-U,"Bro: ""I'm not a simp"" Also bro:","Jul 23, 2024",14,208,0.8124,0,,2520,6.98
-6ttkjNuO9A,Speed's New Haircut in Germany ✂️🇩🇪,"Jun 17, 2024",17,207,0.9723,0,,2590,2.97
FF0gVRJohMY,Rudiger Falls In Love 💕🫶 #ishowspeed #security #viralshorts,"Sep 22, 2024",35,199,1.2366,0,,1143,8.14
P_GPX6--Qqo,Ai Interrupting Memes 💀,"Jun 18, 2024",9,198,0.4165,1,,2049,8.05
bM2mWFKnRYI,Inside Out 3 Fake Official Trailer 😭,"Jun 24, 2024",24,197,0.9706,0,,1966,5.24
Qia3lRVOjd0,Speed Barks at Manny Pacquiao 🗣️🥶🥊💀,"Sep 12, 2024",68,196,1.774,1,,2111,8.38
g3jyjjcHwTA,Slipz after 9 months: 🫄,"Sep 15, 2024",15,194,0.8661,0,,962,11.23
vPOoUMqp3UE,How much is this?😇 🗣️Security! #prank #youtubeshorts,"Aug 28, 2024",6,194,0.3027,0,,775,4.9
FRkxYSxXsw8,Speeds bodyguard is a MENACE! 💪,"Jul 19, 2024",13,193,0.8096,0,,1058,6.33
IJLCU6HZNRE,Time Travelers are stopping every meme now 😭,"Jun 19, 2024",13,191,0.6541,1,,1622,9.62
7eXeBs5Iq6k,Miss this duoo 🥹💗 @IShowSpeed @AmyGlamy @GlamyAmy,"Jun 16, 2024",20,189,0.9964,0,,6027,1.73
f_SIahpVZsA,The Full Story about Speed and Amy's Situation! | Amy tells the whole truth on TikTok Live 💯,"Jun 11, 2024",413,189,8.665,0,,2281,5.61
V1fkObbuFZ0,Wholesome Speed Reunites with his Dog after months in Europe 🥹🐶🐾,"Jul 25, 2024",33,186,1.0524,0,,1780,9.1
W1Tq0L2rFzs,Charlie the commentator playing roblox 🎮😂,"Jul 9, 2024",123,186,1.7821,0,,3293,4.92
CXZr__nKxu0,"Speed: ""Let me get my girl back"" 💀","Jun 16, 2024",17,184,0.7162,0,,2204,4.36
Br9NsZas--I,Speed 🇵🇹 & 🇰🇷 Amy's Love 💕 Language 🥰,"May 31, 2024",15,181,0.6003,0,,1721,4.13
gf0ZIGqkJ5w,Speed & Ronaldo Crying 😭😭😭,"Nov 5, 2024",6,180,0.297,0,,1252,4.55
JUq4PovvXXQ,"""Curry Chan"" ft. LeBron Senpai ☄️🔥","Mar 3, 2025",70,179,1.3504,1,,4367,2.95
A5bmhRBqZe0,Speed Find the Fan who stole his shoe 💀😂,"Jun 25, 2024",41,178,1.3719,0,,1050,14.76
4eVc3jqjCxQ,Charlie the commentator creates a new ringtone for his viewers 📞😂,"Jul 9, 2024",95,176,1.8093,0,,2191,6.57
GT6qTuO6azU,Charlie the commentator reacts to Ishowmeat incident 🥹😂,"Jul 9, 2024",128,171,1.9276,0,,2496,5.89
IAW2IX6wITU,Your month your Inside Out Character,"Jun 24, 2024",23,168,0.7632,1,,1262,7.05
TJ4j4FPYd4E,Where's Amy? What country #fyp @AmyGlamy @KaiCenatLive @IShowSpeed,"Jul 28, 2024",13,166,1.0071,1,,1800,4.39
NT0QeT_SPtg,Speed + Amy = Oreo 😂,"May 30, 2024",24,165,0.9457,0,,1009,5.05
kXRXqVD5vVc,The only girl that speed kept eye contact ❤️,"May 28, 2024",18,161,0.5831,0,,1223,3.43
Lj-ub9IoWT0,Speed and Amy unfollow each other on ig 💔🥹,"Jun 9, 2024",25,159,0.6856,1,,750,9.07
dQGO_I2gXgM,IshowPants 🤭 #ishowspeed #fyp,"Apr 5, 2025",19,156,0.4043,0,,1790,1.17
uL_zvLbp9DE,Inside Out 2 Embarrassment and Sadness Moments 🥹💗,"Jun 19, 2024",17,156,0.5194,0,,1824,6.47
N75QlA3ULGg,Speed tells the Netherlands police that he is Ronaldo's son 😂💀,"Jun 24, 2024",19,154,0.6038,0,,1853,2.37
u7NVCZeS_74,Proof that Speed and Amy actually speak to each other off camera 📸😳,"May 27, 2024",16,154,0.6295,0,,817,5.14
wKo0ZtrAajw,Son why is the gas bill so high? 📈,"Jul 25, 2024",11,153,0.4946,1,,1112,3.78
DmdZBrGFqkk,Speed explains why Amy is mad at him 😭💔,"Jun 1, 2024",60,152,1.3812,0,,1675,4.42
v5YrkvUXUpE,"This ain't livestream, it's Kdrama ❤️😍🥰","May 18, 2024",38,152,0.9292,2,,702,6.13
wN8DeIdJdaY,"Drake is in disguise 🥸 ""ahh kid"" #real #funny #relatable #viralshorts #original","Sep 7, 2024",8,152,0.3302,0,,1041,4.9
CrMXq_R6lrQ,IShowSponge 🧽😳⚡ #merrychristmas #ishowspeed,"Dec 15, 2024",50,151,0.8958,1,,3003,1.27
i49_QEgxbT0,Who did it Better? #insideout2 #riley #insideout,"Jun 28, 2024",15,147,0.7865,0,,955,5.86
nZ-6FEqo864,Speed ended stream when he saw Amy's live 💔,"Jun 2, 2024",12,147,0.4741,0,,1312,4.95
M1lZDfhxlrE,Crazy how Speed takes the Hair dresser's side 🥲,"Jun 9, 2024",88,142,1.3258,0,,1822,7.41
sACG1vLDVa8,Next season of the Speed and Amy Kdrama 🥹😍,"May 31, 2024",45,142,0.9838,2,,1112,4.23
lscOP3ugm0A,"""it just doesn't pop"" 🥀🥀🥀","Apr 18, 2025",13,141,0.3869,0,,4353,2.44
_c2Fih7RPOk,What Where When Why Who⁉️,"Jul 7, 2024",12,140,0.5903,0,,664,12.05
L2TgxiCUkmQ,Speed on his way to Germany 🇩🇪⚡,"Jun 15, 2024",17,136,0.4438,0,,1486,2.69
JyMxQriiy5U,"""it just doesn't pop"" 🥀🙈💥 #fyp #funny #magic","Apr 18, 2025",13,134,0.163,0,,2189,0.64
S73cAf4_4l8,Speed trolls Manny Pacquiao Meme 🥊🐐💀,"Sep 12, 2024",33,133,0.7617,0,,1815,3.31
zQqtREhJbIg,do you want to upgrade to premium?,"Jul 16, 2024",16,131,0.4828,0,,544,12.5
9wbnC_HF5eQ,Crack my fingers. #hopecore #hopelesscore #core,"Jan 29, 2025",26,129,0.6424,0,,1671,1.97
OMatrjE2htk,Speed breaks his back 💀🥹😭,"Sep 17, 2024",17,129,0.4957,3,,777,2.06
VfefcOADdhI,Speed trying to make double backflip 😭💀,"Jun 17, 2024",17,129,0.6101,2,,755,7.55
dg3hVFw-4q0,Close up video of IShowspeed doing the Cheese Rolling event 😂🤣,"May 29, 2024",19,127,0.4805,0,,762,2.89
XSI6zNLu_AM,Kiel Henry with iShowSpeed in Manila 🇵🇭💀,"Sep 16, 2024",41,125,0.7577,0,,2967,3.61
w0ePkCfEjLQ,"Speed and Manny ""Happy New Year"" Meme","Sep 12, 2024",36,125,0.6544,0,,1531,2.74
W5LvPl_2eXU,Guess What? Speed is Gay‼️,"Jun 28, 2024",10,124,0.3168,1,,975,2.97
96HAjgccOFE,"@IShowSpeed We have your shoes, come take your shoe","Jun 25, 2024",17,122,0.4605,0,,711,14.06
bnpJka5IAB8,Speed's girl calls him cute 🥰,"May 31, 2024",40,122,0.8002,1,,469,5.97
X91cWPV2YTM,Speed South East Asia Tour Coming Soon! 🇮🇩🇹🇭🇵🇭🇻🇳,"Jul 13, 2024",25,121,0.3192,0,,953,3.99
FPVB-In2ZPo,Speed realizes its time to move on from Amy even though he doesn't want to 😭,"Jun 12, 2024",69,120,1.9198,0,,1399,7.58
WP5DxkOPma4,Merry Siuuuuuuuu and Happy New Siuuuuuu,"Dec 5, 2024",21,120,0.3957,1,,4781,1.69
gilj66xn8T8,IShowSpeed speak Tagalog 🗣️🔥😱,"Sep 11, 2024",48,120,1.0465,0,,1669,6.29
rEEDi6juxLc,iShowSpeed and Amy break up?😢,"Jun 1, 2024",21,118,0.6542,0,,1516,2.37
NeADVuOi4dM,Someone found Kai Cenat at the airport on the way to Taiwan! 😭,"May 30, 2024",11,117,0.3188,0,,1005,6.27
gcMkNylZWOc,Riley Core 😂 | Inside Out 2 Riley Funny Moments,"Jul 1, 2024",25,117,0.5017,0,,920,9.35
DYtklnRiUyw,Can I touch your Head 🥵 #comedy #bald #shorts #funnyvideo #fyp,"Jun 29, 2024",34,116,0.6449,0,,1399,4.65
BknGv5LzbVE,Full Highlights | Speed in the Philippines 🇵🇭🤙,"Sep 15, 2024",69,115,0.8893,1,,3098,3.16
mIUIt_Utfwg,LEAKED iShowSpeed's Phone Password 🔑📱,"Sep 17, 2024",6,115,0.2461,0,,788,3.3
Y_NT6wRIGNk,Is Speed girlfriend faking her love? 💔🥹,"May 28, 2024",29,114,0.687,0,,469,7.89
YZP69b4nCNk,Sadness took Ennui's Phone for Riley | Inside Out 2,"Jun 21, 2024",9,113,0.2875,0,,2771,2.53
eBFVjya8SuU,Speed is so in love with her 🥹😭,"May 27, 2024",20,113,0.4144,0,,427,3.75
ND-Umw4TbnY,Speed and Amy goodbye 💔,"May 26, 2024",40,112,0.5577,0,,749,3.2
FYw5jL5yXZs,IShowDance in the Philippines 🇵🇭🤣,"Sep 12, 2024",19,111,0.4217,1,,1368,4.39
_OWlih2l30s,Expression of Questions⁉️ #fyp #joke #shorts,"Jul 7, 2024",15,111,0.4661,0,,534,8.43
whcqkjWQ7g0,Crocs Hurry Skibidi Curry 🗣️🔥,"Aug 10, 2024",21,109,0.4791,0,,1086,4.14
7RAf3xUefm8,Don't kiss me...😭💔,"May 30, 2024",30,108,0.5623,0,,254,3.15
PmQvYAxszBY,Speed meets a super fan in New York 🥺,"May 23, 2024",43,107,0.659,0,,1046,5.45
XxAbfUPdmZQ,Speed visiting every country in the 🌎,"Sep 13, 2024",22,105,0.4709,0,,1738,5.12
yETIc-Pyv_A,Speed showing his Basketball Ball Moves in Albania 🏀🔥,"Jun 20, 2024",47,105,0.7723,0,,1177,3.82
ICXVd0DWwe4,My Patience these days 😂 #funny,"Jun 30, 2024",8,102,0.1751,1,,604,6.46
DBe3U8554oE,Mike Tyson was fast asf! 💀🥶,"Nov 16, 2024",12,101,0.2606,0,,1565,0.7
h1YQNovg2wM,Rabbit hit by Formula 1 Car 2025 (imola) 🐇🏎️,"May 20, 2025",8,101,0.2495,0,,3817,1.94
AGnHor-KxD0,#ishowspeed #fyp #relatable,"Dec 6, 2024",9,100,0.1572,0,,1487,0.61
sYI478hQMkg,Speed knows who is the goat of boxing 🥊🐐🇵🇭,"Jul 21, 2024",57,100,1.4586,0,,850,6.47
NNmPnHVEMXQ,Ai Time Traveler interrupts Pinoy Memes,"Jun 22, 2024",14,98,0.3863,1,,669,11.96
paC3FjLwcLY,Speed in Europe is pure chaos 😂,"Jul 15, 2024",45,98,0.5861,0,,1228,3.75
kCNocSlt2Bc,davidsonolvr Microwave Edit 🤪🍌👀,"Oct 7, 2024",14,96,0.2561,0,,1310,2.44
K-2kEry16cM,TO HIS BARBER..😳🤣,"Jun 10, 2024",10,95,0.3337,0,,425,14.59
ARqshV8t1JQ,no one touches my bro except me 😡 #real #fyp #shorts,"Jul 9, 2024",13,94,0.4115,0,,540,9.26
iPA8EnvFY60,IShowSpeed is Exposed! 📸 | It's for CONTENT only 💀,"Jun 14, 2024",70,92,0.8757,0,,1874,4.16
 -UROSx3lN3I,Speed chasing cheese 🧀🤣,"May 28, 2024",10,91,0.2134,0,,545,3.49
Z39eLeH_Y1U,AmyFlamy Music Video 🎶 😍,"Jun 5, 2024",18,91,0.2992,0,,782,8.57
Y5Q9OWwckEA,Speed prank people by pretending to be a statue 💀,"May 23, 2024",51,90,0.6544,0,,574,5.75
X3yXWkwZbQ4,Look at your boy's aura 😫,"May 29, 2024",10,87,0.2458,0,,431,3.48
VU6HS0LUXE8,He tried his best not to be an Indian 🤭🤣,"Feb 8, 2025",48,86,0.3933,0,,1540,0.84
dQR0H12WXdI,Anger with white eyes is scary 😬👀 #insideout2 #anger #shorts,"Jul 11, 2024",16,85,0.8431,0,,666,7.06
FFDwMNiTMV8,Speed talks about Amy to MrBeast 🫶,"Jun 4, 2024",77,83,0.9169,0,,596,11.74
ioIDM86sCDE,Speed almost did it 😲😳🥶⚡,"Nov 8, 2024",12,83,0.2367,0,,1476,0.81
7TjYWh0BT_s,Jayson Tatum Tryna recreates every famous emotes 😭💀,"Jun 19, 2024",28,82,0.4536,0,,436,10.78
snaRT1Ik-bk,Anxiety with black eyes 👀⚫ #insideout2 #anxiety,"Jul 11, 2024",16,80,0.6721,0,,608,6.91
yKt-rn32iu4,Ishowspeed incident live 🍆😂,"Jun 4, 2024",15,80,0.2491,0,,600,4.67
XQnyZc72H88,Speed eats the worlds spiciest Ramen Noodles 🥵,"May 19, 2024",24,79,0.4076,0,,906,3.09
CVB0XiGyI98,I'm literally in an alternative universe 🥹😭,"May 28, 2024",7,78,0.1791,0,,541,0.74
YTZUokPkods,"Speed Cooking Thai Food  ""Ishowcook"" 🇹🇭👨‍🍳🤌","Sep 9, 2024",134,78,1.4954,1,,1066,5.63
0bXJNzqQMUA,What happened to Speed and Amy 😢💔,"Jun 9, 2024",82,77,0.8987,0,,445,8.99
QRpr74UHLHc,Speed buys Amy a phone 📱,"May 26, 2024",33,76,0.5956,0,,365,5.48
SEtdDgcVbcc,1v1 Full Boxing Match | Speed vs Manny Pacquiao 🐐🥊🥶,"Sep 12, 2024",127,76,1.4218,0,,1428,4.06
X0ESJ14YXIw,I didn't even raise my hand 😭 | Inside Out 2,"Jul 3, 2024",7,76,0.1889,0,,951,3.05
sDTAWaCQ2No,IShowSpeed and Amy are good again ❤️🥹,"Jun 3, 2024",15,74,0.2837,0,,395,4.3
GsAs4z2V8Og,South Korea loud speaker real footage #southvsnorthkorea #northkoreavssouthkorea #viral #shorts,"Jun 16, 2024",19,72,0.2171,0,,663,4.83
Y8ZW8k6h6i4,My boy Speed can't stream properly since Amy left 😭,"Jun 2, 2024",21,72,0.3494,0,,634,3.94
d8kcXWkyPmU,Can your apple do this?💀 That's only 10% of the power of the Samsung...💀🔥,"Dec 18, 2024",61,72,0.3634,0,,1958,0.82
p5HbPCUaMMU,Speed breaks character 😭,"May 26, 2024",13,71,0.2448,0,,361,4.43
UD3pE9P-Ea4,I literally cried after Speed cried 🥹😭,"May 28, 2024",11,70,0.2359,0,,343,3.5
pV-8cWko1o4,"""I DON'T WANNA CRY ON TIKTOK LIVE"" 😭🥹","Aug 24, 2024",47,70,0.4482,0,,1303,1.77
26RFkKHal6Y,Speed REJECTED a girl that was trying to flirt with him 👀,"Jun 6, 2024",30,69,1.4718,0,,623,3.37
94-H7YlV5oM,Old Speed hits different 🗣️🔥💯,"Aug 25, 2024",14,69,0.2101,1,,997,1.4
aKjGVq0qfAo,Speed buying Ronaldo shirt in Spain 🇪🇸😂,"Jun 2, 2024",51,69,0.7337,0,,480,7.29
C7rXt71jEN0,Speed wants Amy back! 😳💀,"Jun 16, 2024",17,68,0.2717,1,,1612,2.36
3bCiey6V-6Y,Bro is the real Romeo and Juliet of the year 😭❤️,"May 24, 2024",18,67,0.273,0,,374,2.94
UvAea-ZbMT8,Speed's Manager exposed what really happened off stream...,"Jun 11, 2024",48,67,0.6326,0,,566,7.6
l2atktml-kY,"""Speed signed my Face"" his Face:🥹💀😭","Sep 23, 2024",37,67,0.5187,1,,940,4.26
3BH5FO6qY4A,"Don't lie ""You are Black!"" 🤔🤨","Sep 3, 2024",16,66,0.2743,1,,818,4.65
JHfHErBeqxE,Eyes don't lie💔💯,"Jun 1, 2024",12,66,0.2613,0,,237,10.55
puoDieIpkis,Bro had one job and he fumbled it 💀,"Jun 10, 2024",8,66,0.0977,0,,293,3.41
R37jJJr9jDU,When Nostalgia becomes the new JOY 😭,"Jun 18, 2024",10,64,0.2621,0,,728,3.02
XLknrdQhZLI,🧒: It's just a prank bro.            The Prank:,"Oct 10, 2024",15,64,0.2,0,,1174,0.43
YS_Kw2fKKDo,"I feel so bad for Amy, I knew Speed would do this. He did her dirty 🥲","Jun 9, 2024",26,64,0.3054,0,,676,5.77
8cpZuwubYBQ,IShowSpeed Kissed Ronaldo 💋😂🫃,"Jun 28, 2024",19,63,0.2779,0,,497,3.02
AxgWJ3-mUKU,CURRY vs D'LO FULL BEEF! 🥶💀,"Oct 18, 2024",96,63,0.7613,0,,1545,1.75
B-yca-0ItMo,Speed meets the Albania President 🇦🇱,"Jun 20, 2024",70,63,0.536,0,,1044,5.08
0fgoQ7fd9A8,Amy is too mature for speed bro...,"Jun 9, 2024",24,62,0.1967,0,,689,4.21
24S4DpVp8aQ,The Dude Joined the Fight 😭🥹💀,"Oct 22, 2024",6,62,0.1008,-1,,3504,1.31
IqJG3wXntsg,Speed thinks he was Miles Morales 😂,"Jun 24, 2024",21,62,0.2327,0,,1240,1.45
dweeZjaKOZk,Which scream is real? #shorts #reels #meme,"Jun 8, 2024",21,62,0.3,0,,648,4.01
kEM6U2LWFpU,Speed and Kai Minecraft Deaths Compilation 😂😆,"Aug 19, 2024",137,61,1.0822,0,,1192,0.76
TBaIhNTn7gs,Luffy phone case is back y'all 😍,"Jun 3, 2024",17,60,0.2381,0,,322,6.83
gAO8xAru2c4,Why u coming fast!? #viral #inspirational #writing #memes,"Nov 10, 2024",12,60,0.1166,0,,1274,0.55
pUHygBi_ELc,Speed x @cristiano podcast! 🎙️,"Aug 25, 2024",13,60,0.1121,0,,909,1.98
rwSqfCRQ01o,Every black boy needs his asian girl 🫶,"Jun 2, 2024",12,60,0.222,0,,985,2.03
2RPXkzAenjQ,Bro really said 50-50💀 #fyp #shorts,"Jun 22, 2024",12,59,0.2694,0,,402,7.96
NX6taK1DNWo,iShowSpeed says Amy might be the one ❤️,"May 26, 2024",24,59,0.3307,0,,372,4.03
_dAbXeY72ds,"""You look better on IG"" #unfollow #girl #ishowspeed #speed","Aug 18, 2024",21,59,0.4665,0,,865,4.16
obSQC80pEtU,Update on Amy speaks up to the haters 🫣,"May 29, 2024",137,59,0.7211,0,,552,4.53
2I7ZPwFOCBs,"""Giannis oasis skibidi thanasis""","Aug 10, 2024",17,58,0.3066,0,,653,4.13
Gem1mG9rs6g,Kim Jong-Un was happy in the Olympics,"Aug 3, 2024",8,58,0.1327,0,,762,3.02
PiMrafwW2iw,ishowlove | kdrama irl ❤️‍🩹🥹,"May 27, 2024",40,58,0.2707,0,,520,0.96
B5ENbwcoeOI,Speed stays loyal with Amy 😍,"Jun 8, 2024",11,57,0.1844,0,,424,8.25
Opf_zRhtFhc,Ayo chat what is ishowspeed doing 😂,"Jun 2, 2024",11,57,0.1601,0,,674,2.82
UMjh4pyfJUY,Amy deserve better! 😭💯,"Jun 9, 2024",29,57,0.2071,0,,751,2.66
9BCMSLs4vns,"My boy Speed really said ""marry me"" 😍💕","Jun 3, 2024",9,56,0.1464,0,,316,11.39
XjGp8HL9G7E,Squeeze Benzzz in Philippines 🇵🇭,"Jun 25, 2024",19,56,0.2573,0,,530,4.34
34xfugYjfyA,My favorite couple ❤️‍🔥@IShowSpeed,"Jun 2, 2024",12,55,0.1558,0,,341,6.45
85AVS8uEMJM,LeAlternate Universe 🥶🌌,"Nov 6, 2024",61,55,0.2899,0,,1582,0.88
0hzkorhl-CM,Speed made Amy cry 😢😭,"Jun 9, 2024",56,54,0.4112,0,,757,3.57
cke7NINLr4g,Speed believes everything he sees 🤣😂,"Aug 20, 2024",38,54,0.3175,0,,570,2.63
99gdN1AX-Ow,*snot of joy* 😭🤧,"Sep 20, 2024",6,53,0.1227,0,,772,1.81
j9ZIW951qVg,AD don't know the circus shot of Curry 🤣,"Aug 11, 2024",21,53,0.3173,0,,616,4.71
4rhgLjwep_8,This is Different iShowSpeed I've seen around girl 🤧,"May 28, 2024",105,51,0.5125,0,,256,5.08
1UMJ20Ll7dQ,COCO Deleted Scene 😭,"Jun 27, 2024",8,50,0.0804,0,,1147,0.78
KUDooI2xvAU,Speed getting chased by dog pitbull 🐾😂,"Jul 23, 2024",16,50,0.1914,0,,1212,3.3
ZmorzNUq5Ug,The way Speed holds his pen is still the same 🥹🫶,"Jul 31, 2024",24,50,0.2434,0,,693,2.74
yvpJBeGv730,WHO⁉️😡 #whydidyouredeemit #shorts,"Jul 10, 2024",12,50,0.1794,0,,508,4.92
OC84cOvmStY,Speed and Amy officially announce their breakup 💔😭,"Jun 9, 2024",32,49,0.3504,0,,609,1.48
SZPqkHOfMao,Speed please react this 🤣😂 #ishowspeed #shorts,"May 19, 2024",13,49,0.197,0,,423,3.55
UiI8aXOgiyY,pain is an illusion 🤢😭,"Aug 3, 2024",6,49,0.0897,0,,935,1.18
k0USVIeq_pM,IShowSpeed got the moves🕺 #ishowspeed #tiktokdance #dance,"Sep 23, 2024",14,49,0.125,0,,790,1.39
msE_gguJRiA,My bro is literally everywhere 🤣😂,"May 28, 2024",30,49,0.3738,0,,328,1.52
nDuS4AF2Bd0,Speed don't want to talk about Amy no more 😞😭,"Jun 1, 2024",45,49,0.4016,0,,689,2.76
ErgmKB_W73c,Speed jumping on fans ♾️😎,"Jul 20, 2024",20,48,0.1249,0,,656,1.83
FIcnJNs9aLw,Even think Mashtag was shocked😂🤣😭,"Jun 16, 2024",8,48,0.1319,0,,847,2.36
dvFJ-ONY8ho,My bro ended up with his own Kdrama 🥹,"May 19, 2024",21,48,0.2294,0,,342,2.63
lv9D5bRxiSM,me when i'm annoyed 🙄 #insideout2 #shorts,"Jul 6, 2024",8,48,0.1103,0,,432,6.71
8x-PYHBUmSQ,Original meme water background 🌊,"Jul 24, 2024",9,47,0.1079,0,,731,2.33
m8TpjuT4GLA,The Korean kids are shocked by how quickly Speed eats his 🍔,"Jun 2, 2024",45,47,0.3819,0,,473,1.27
nYEliziV--0,His bodyguard must be very tired protecting Speed 🤣 #shorts,"May 20, 2024",59,47,0.2699,0,,433,1.62
zyPwDfXICZk,IShowSpeed is stalking Amy's ig post 💀📸,"Jun 15, 2024",9,47,0.1409,0,,361,3.05
9j6HHy7gwq4,1m views live stream reaction of @IShowSpeed 🥹🤯,"Sep 19, 2024",12,46,0.1132,0,,971,1.96
G26b_aiF2nA,Inside Out 2 | 4k Edit ✨,"Jul 10, 2024",17,46,0.1775,0,,699,3.86
f6LGSHE-Gog,"""Darren is Speed in offline mode""","Jun 12, 2024",55,46,0.3652,0,,458,4.37
cWqGJ7Et2RI,Speed play basketball in the Prime Minister's House 😭🇦🇱,"Jun 20, 2024",45,45,0.2884,1,,730,3.29
hDFihHh6VLk,Footage of Speed streaming in New York 😳,"May 24, 2024",12,45,0.1431,0,,632,1.27
od8EJtea_So,Kevin Hart reacts to Kai Cenat's most awkward moment with Tyla 😭,"May 24, 2024",59,45,0.4887,0,,823,0.61
uq74cJq2cDg,Amy pictures with another dude 💔,"Jun 1, 2024",17,45,0.1847,0,,439,4.78
6Dr51waOstM,iShowSpeed in bali Indonesia 🇮🇩😱👀,"Sep 20, 2024",17,44,0.2036,0,,610,1.97
xOWcJ0a8Ef4,is Speed Red Flag? 🚩🚨,"Jun 9, 2024",19,43,0.1678,0,,389,3.86
E4F6rBtK7FU,The guy who jumps on Speed 🤦‍♂️ #pov #ishowspeed #shorts,"Jul 15, 2024",13,42,0.1442,0,,560,2.68
fHeWv3OpUJg,iShowSpeed cried after seeing his korean girlfriend edit,"May 22, 2024",63,42,0.3161,1,,327,9.17
kH9G6Z5vgHY,Speed breaks up with Amy 💔😥,"Jun 1, 2024",51,42,0.2935,0,,631,1.74
FX2o31_J-Sw,Nikocado Avocado Transformation 😱🤯🥶,"Sep 7, 2024",11,41,0.0987,0,,541,1.11
TNWwfaSSUyY,Protect this couple at all costs 🥹❤️,"Jun 2, 2024",23,41,0.1543,0,,306,3.59
ZBeXZo7zuCk,The couple that we didn't expect 😍,"May 22, 2024",20,41,0.1213,0,,215,4.65
ojmgsOGeXbE,Steve should be square not a circle 🤨💀,"Sep 4, 2024",32,41,0.1543,0,,488,3.28
UKDkBJ0frI4,The time when Speed haven't met Amy 👀😂,"Jun 8, 2024",9,40,0.1222,0,,357,2.52
W99pOwVkKMg,Time Travelers stop Cinnamon Girl from Exploding 🤯,"Jun 30, 2024",12,39,0.0979,0,,593,3.71
cjtrp9f0m_Q,Nikocado Avocado pull an uno reverse 🔄🤯,"Sep 7, 2024",9,39,0.0872,0,,976,2.56
K2av22D0Ckg,Prime Speed 2021-2022 ⚡💯,"Jun 4, 2024",31,38,0.2371,0,,294,5.78
KDdISZls9ww,Pray for Japan🙏🇯🇵 First ever Mega Earthquake warning alert⚠️,"Aug 13, 2024",31,38,0.1818,0,,723,2.63
X9aqe1EyOCE,Speed is Majestic 👑🥶🔥,"Sep 22, 2024",10,38,0.0659,0,,662,0.45
p4IGeW3KFf0,Every Mom's Favorite Hairstyle 😊💗 #lovemother #shorts,"Jul 8, 2024",10,38,0.0887,0,,618,2.1
pz5VUN54K9c,"If you laugh, your gay #edit #funny #challenge #fyp","Jun 19, 2024",12,38,0.1122,0,,450,2.22
31IziU5FEKI,Blacknaldo goes undercover in streets of Madrid 😂🇪🇸,"Jun 3, 2024",49,37,0.2243,1,,320,0.63
MSR7nrMjy5Q,Billie Eilish was shocked when she found out it was for shoes 😭🙏,"Jun 25, 2024",10,36,0.1068,0,,521,2.3
YrhMyAy-zRo,The couple that we didn't expect 😍🥰,"May 30, 2024",13,36,0.0775,0,,209,4.78
4hGyAQdl88s,Bro thinks he is Spiderman 🕸️,"Sep 3, 2024",7,35,0.0746,0,,607,2.31
KKlSLGimmUc,iShowSpeed Barking Core 🗣️😂🤣,"Sep 16, 2024",61,35,0.356,0,,1836,1.58
RH0hTPUThZ4,The fastest stream snipe ever! 😱✅,"Sep 27, 2024",42,35,0.1844,0,,822,0.73
T7RPsYXqEBA,She had a panic attack because of the crowd 🥹,"Sep 17, 2024",125,35,0.2712,0,,2066,1.16
auJ_SItj55c,"Ai Meme interrupts the ""Think Smart Guy""","Jun 27, 2024",11,35,0.0806,0,,819,3.91
zKQM5pppNIo,Pov of the Fan who got IShowSpeed Shoe,"Jun 25, 2024",36,35,0.2857,0,,462,5.84
Hm3SACIB5lo,#ishowspeed really thought it was easy 😏😆,"Oct 8, 2024",44,34,0.1916,0,,933,0.75
ZfL4S7LNm30,He disqualified the judge 💀,"Sep 3, 2024",14,34,0.0829,0,,665,1.8
fJAzORM9m4g,Riley Anxiety Attack Scene,"Jun 21, 2024",23,34,0.1322,0,,1036,1.25
G4fckmrwvac,IShowSpeed being addicted to Doner 🤣😂,"Jun 23, 2024",53,33,0.2403,0,,453,1.99
Wdw2nQ6OgGU,This picture has no colour's #fyp #shorts,"Jul 16, 2024",16,33,0.159,0,,448,1.56
XCZE4ZklcBI,IShowSpeed goes on stage with Jay Park in South Korea 🇰🇷,"May 18, 2024",96,33,0.2245,0,,729,4.39
a4naw-nr_Io,South east asia tour! 🌎🇹🇭🇵🇭🇻🇳🇰🇭🇲🇾🇮🇩🇸🇬,"Sep 27, 2024",45,33,0.1766,0,,802,0.37
edRA-vgleUs,Inside Out 2 Anxiety Controlled Riley,"Jun 23, 2024",19,33,0.1629,0,,494,4.45
gWfj6JTN-EA,Sadness is now aware that she might cause trouble 😭 | Inside Out 2,"Jul 16, 2024",12,33,0.0962,1,,756,3.17
oSrLaK_UHjY,Kai cenat looks like a proud uncle 🤣😂,"Jun 1, 2024",49,33,0.2221,0,,446,3.59
6PS8W2r3X0c,Amyflamy latest TikTok Full Live update 🔴💯,"Jun 10, 2024",927,32,1.0794,0,,671,2.98
uSBmWcJuUcU,Midnight Flying Tesla Airlines 🛫🛬,"Aug 30, 2024",15,32,0.1511,0,,748,1.34
yJT4G3iMol8,Eat 5 Star ⭐ Do Nothing.,"Sep 25, 2024",10,32,0.0848,0,,775,0.39
6Hw6FfEbqCQ,Inside Out 2 Edit | Joy makes Anxiety Stop,"Jun 24, 2024",64,31,0.2605,0,,429,4.43
7SNBztpd6HA,ishowspeed is inlove 🥰😍🥹,"May 22, 2024",39,31,0.1744,0,,260,1.15
EFZbK7-Q_B4,Resorts World Recto 🏊 #flood #manila #youtubeshorts,"Jul 25, 2024",35,31,0.2482,0,,580,1.9
OI6AEU695F4,"""should we smack him?"" lmaooo 😂🤣","Jun 18, 2024",54,31,0.191,0,,181,5.52
1R1zPE2vOqA,Who will save him?? 😭😭😭 #cautionsignguy,"Aug 14, 2024",14,30,0.0974,0,,493,0.41
7ejLqVl4dl4,Speed's Fans keep rising up all over the 🌎📈,"Jun 17, 2024",31,30,0.1988,0,,379,3.17
Yik3pz1h4m4,KSI Looked so Happy 😀🤣🥹,"Oct 8, 2024",17,30,0.1297,0,,854,0.7
ZQ5bsCwetMk,No way speed just did that 🤣😂 #ishowspeed #shorts,"May 18, 2024",19,30,0.1511,0,,266,1.5
hJFXDxGaqXQ,Speed meets Nami from One Piece irl 😱☠️👀,"Sep 18, 2024",30,30,0.1019,0,,519,1.35
mYcuQoOyjqQ,Time Traveler also got the Baby Fart 😭🙏,"Jun 23, 2024",6,30,0.0405,0,,688,1.02
si6djExjDbM,The Moment IShowspeed went to play football after making Amy cried 💔,"Jun 9, 2024",23,30,0.1045,0,,595,2.02
S8XO8RZAhY4,Ai Interrupting Memes Compilation,"Jun 21, 2024",62,29,0.2835,0,,359,3.06
pwiwsfJzz6U,Speed can't stop getting scared 🤣🤌,"Sep 5, 2024",12,28,0.0768,0,,533,2.06
4mH3-uNZHKI,Rare photos of Speed 🥹😂 #ishowspeed #viralshorts #babyishowspeed,"Aug 5, 2024",31,27,0.1699,0,,689,1.6
euvQeVdONoE,Speed kills a Golem One Hit 🎯,"Aug 19, 2024",8,27,0.0679,0,,612,1.63
9IY_iU4RHas,Kai ready for Rays Graduation 🎓 😆,"Jun 1, 2024",37,26,0.1243,0,,301,4.32
QCk9yKeDmUw,Amy Likes Speed ❤️❤️‍🩹,"May 27, 2024",62,26,0.2968,0,,258,6.2
SE4NLrZWBf8,What is edna yapping abt ??,"Jun 10, 2024",11,26,0.0942,0,,186,11.83
_BqnRuOGrbE,Smile if you like little boys 😁💀,"Jul 12, 2024",14,26,0.077,0,,510,2.55
oa3AA75yFCo,Joy having a big meltdown 🫠 #joydelusional #insideout2 #shorts,"Jul 20, 2024",41,26,0.3482,0,,440,2.27
yZ5f4zrlGtM,Kdrama leak scene 😭,"May 26, 2024",27,26,0.105,0,,191,3.14
TfaZuR4qWCc,My mum is kinda homeless shirt 🤣 #ishowspeed,"Sep 16, 2024",9,25,0.0567,0,,569,1.05
ff6Wb9JlE_s,Speed in disguise as Ronaldo 🥸⚽🇪🇸,"Jun 3, 2024",18,25,0.0849,0,,244,1.64
s1udfhkm1Cg,Bro caught someone's phone mid air 😎🤳♾️,"Jul 18, 2024",12,25,0.076,0,,457,1.31
u4yeGXGEhU0,Ray took a Ballet Class in New York 💅😭🤣,"Aug 1, 2024",31,25,0.1125,0,,720,1.39
ubR0AWZMy-0,Speed being Girly 💅😂 #ishowspeed #funny #memes #viralvideos #shorts,"Jul 26, 2024",30,25,0.1251,0,,666,1.65
MIdwl6Fynmw,Speed ended racism 👀,"Jul 23, 2024",6,24,0.0483,0,,476,1.89
Qr2SA3TB9Xg,Amy she should be in k-drama 🥹💅,"Jun 12, 2024",6,24,0.0429,0,,467,2.14
bA-xRW-LzGA,500k subs in just 3 hours 😱🇮🇩🥶,"Sep 18, 2024",21,24,0.066,0,,640,1.09
lXzniNvG688,SAY NO TO RACISM 💯🙏,"Jul 26, 2024",61,24,0.1909,0,,649,0.77
njBkhIOsgiU,David thinks he's Speed #davidirlstream #ishowspeed #shorts,"Jul 22, 2024",31,24,0.0968,0,,474,1.9
pU93mPScV2M,Speed and ben funny moments 😂,"May 24, 2024",59,24,0.258,0,,226,2.21
ykLrVLVfRTw,Kevin Hart is getting old 💔,"May 24, 2024",61,24,0.2343,0,,187,3.74
7fTJ9m2rYTY,Ai interrupts Donald Trump 🤯,"Jul 20, 2024",10,23,0.084,0,,475,0.84
91IuVvk-4pY,When Engineers use 100% 🤯🧠,"Jul 17, 2024",54,23,0.1423,0,,570,1.58
AAPdpd_NeYk,Let sadness out of the jar! 😭 🫙,"Jul 22, 2024",10,23,0.0731,0,,832,0.48
zbVLcvXFPW0,All Memes Ai has interrupted (Part 2),"Jun 22, 2024",61,23,0.2592,0,,275,5.45
1rSP2L03RBI,hahshshahahahaaha #epicface #epicfail #funny,"Aug 18, 2024",45,22,0.2069,0,,405,0.49
DfuCxmJVZ3Q,"""Wait a second"" Ahhh reaction 😭🔥🔥","Sep 3, 2024",9,22,0.0442,0,,489,2.04
TmFvqEMD8N0,A puppy vs Big Dog 😂🤣,"Jul 4, 2024",36,22,0.1853,0,,488,1.43
UL5jq3LlI-M,She wants the 30M networth of Speed 😂🤑,"Jul 8, 2024",22,22,0.1252,0,,476,1.05
d_EKTdbRRpo,Speed meets Messi 😳,"May 23, 2024",34,22,0.1289,0,,155,3.87
divQsQhnYGA,I feel bad for amy🥹,"Jun 9, 2024",24,22,0.0787,0,,183,1.64
eGhdWwjWrUI,What's Mbappe doing? 💀,"Aug 1, 2024",11,22,0.1057,0,,503,0.99
jDDGLeqJG_k,he truly is the main character 😭,"Aug 4, 2024",21,22,0.1142,0,,617,0.65
w2Lso9K5Noo,"Speed reacts to his ""moment"" with Ronaldo 😚🐐👄","Aug 7, 2024",27,22,0.3358,0,,562,1.6
7BjZ6_hAg1Y,We don't call him Speed for no Reason! 💀⚡,"Jul 6, 2024",8,21,0.0632,0,,388,2.32
8hWl3y39hwE,Bro got the wrong ball 🎳😭 #youtubeshorts #meme,"Jul 23, 2024",6,21,0.0298,0,,426,0.7
Elpyu6hAOCI,Wait for it bro got mad at the end💀,"Jun 24, 2024",30,21,0.1159,0,,304,2.3
JZQlyHNq4MM,Speed workingout his muscles 💪💯,"Aug 8, 2024",21,21,0.0662,0,,751,0.93
XSvcRcvILDU,Exposing people to their crush 🤧💀 #fy #crush #menace #joke #memes #pranks,"Aug 14, 2024",21,21,0.1024,0,,445,0.9
ifmpWN0DVhE,Everything is changed ❤️‍🩹✅✨🌟,"Sep 27, 2024",27,21,0.1043,0,,2002,0.7
rcPnJlvPLI8,Speed will be in Asia on September 🔥💯 #ishowspeed,"Jul 31, 2024",22,21,0.1689,0,,450,1.78
z7p-_eyYwTg,The most intense and hilarious ending from IShowSpeed on hitting 25M Subs on YT 💀😂,"Jun 3, 2024",60,21,0.1728,0,,286,1.75
A5PimhI8S_A,Smart Twitch Streamer showing what cam he uses 😂🤣,"Jul 2, 2024",10,20,0.05,0,,439,1.59
IDNhyNUx3xU,Speed got flashbacks for his actions 💀🤣,"Jul 17, 2024",22,20,0.0998,0,,402,1.74
KkQsczByTfI,Raw footage of falling Asteroid in the Philippines ☄️🇵🇭 #viralshorts,"Sep 5, 2024",8,20,0.0355,0,,461,0
LtdnVr2Uang,No Problem! Here's the information about the Mercedes CLR GTR:,"Jun 30, 2024",9,20,0.0745,0,,386,0.52
clS-0VUFIFQ,Speed is the NEW Tony Hawk 🦅🛹,"Jun 29, 2024",11,20,0.0562,0,,455,1.32
kaAov-3gdC0,Full Teaser Squid Game 2 Edit 🦑 #squidgame2 #shorts,"Aug 1, 2024",22,20,0.1064,0,,512,1.37
rRkCyGTvbvE,She is the one for you Speed ❤️💯,"Jun 3, 2024",21,20,0.133,0,,160,3.13
vXUj5G0aoCU,"Amy is really annoyed! 😤, she still doesn't have a official yt channel yet 😔","Jun 7, 2024",41,20,0.1017,0,,199,2.51
xodafKnK2iQ,He was in fact NOT THIRSTY #turtle #viral,"Jun 8, 2024",17,20,0.1257,0,,190,6.32
b_T7s1aC-_I,IShowLanguage 🗣️🔥,"Aug 30, 2024",14,19,0.0452,0,,537,0.74
ddLfZCjOTwM,"""Eye want candy"" 😭💀#fyp #viral #funny #shorts","Jun 30, 2024",8,19,0.0521,0,,353,0.28
j-7sDq60Iz8,"""ARE YOU GAE?"" @IShowSpeed","Sep 15, 2024",6,19,0.0444,0,,392,1.02
oQVriyNC-w4,Korean vs Indian Body Sweat 😂,"Jul 7, 2024",60,19,0.1829,0,,412,2.43
xlze8avyZg8,Fan records Speed having a mental breakdown during Cricket game 📈😭,"Jun 11, 2024",10,19,0.0588,0,,263,3.42
D2Bitw2QSDU,"July 16, 2024","Jul 16, 2024",11,18,0.0443,0,,338,0.89
Hr38CS12wW4,My Bro got a Happy Ending 🥳,"Jun 28, 2024",9,18,0.0457,0,,386,0.78
LKj-C-k8K_0,you can't take bro anywhere 🗿💀,"Jun 8, 2024",24,18,0.064,0,,176,3.41
QUsllleTsn4,turi ip ip ip#capcut #turiipipip #ncs #nostalgia #memesdaily #shorts,"Jul 15, 2024",18,18,0.0719,0,,565,1.42
UfWNA5sGGeE,Speed is different 😂😂,"Aug 5, 2024",14,18,0.0638,0,,640,0.31
d-xgzl0Ipak,"Speed Name Drops ""Bullies"" in his School 😳🥹","Aug 31, 2024",65,18,0.1484,0,,1039,0.96
qqzHWDbVb-A,Baby Making a Milk Tea 🧋,"Jul 16, 2024",5,18,0.0488,0,,440,0.68
 -B8qNNKDG2w,The goat of live streaming 🐐👑🔥,"Sep 20, 2024",57,17,0.1374,0,,607,0.66
7j3nYqESe5Q,Ishowspeed Has A Korean Girl Crush,"May 21, 2024",18,17,0.064,0,,469,2.77
IqKmkTZaEjY,Biggest upset in Basketball History 💀,"Jul 4, 2024",33,17,0.0701,0,,467,2.36
d1uxAdZRvqM,Place ur finger here | Don't let 🦠 touch you!,"Jul 18, 2024",22,17,0.0898,0,,406,0
lNPILP-GXEc,Bro's done playing Andy's coming 💀 #shorts,"Jul 6, 2024",15,17,0.0702,0,,428,1.4
CrAl5KB6vZ0,Don't let 💩 touch you game!,"Jul 18, 2024",22,16,0.081,0,,384,1.04
ECdcKmDyLg4,Jamal's IQ is lower than a 🐢😆 #ishowspeed,"Aug 14, 2024",32,16,0.115,0,,425,1.41
IQZIZyOXbT8,Speed fans are crazy 🤣😂,"May 23, 2024",64,16,0.1028,0,,161,6.83
RSyRnNDAClc,Amy has officially won Speed over 😭❤️,"May 25, 2024",136,16,0.2736,0,,203,4.93
SmtLrdqqJ7o,"""Everyone bark"" 💀🐕‍🦺","Jul 19, 2024",17,16,0.0586,0,,397,0.5
_pw_4FwQzfo,Not all capes wear heroes 🥰 #shorts #fyp,"Jul 2, 2024",20,16,0.0555,0,,421,0.95
qoCw_wEwspg,"""I'm Joy from Inside Out"" 😂 #shorts #indianguy #joy","Jul 10, 2024",13,16,0.0548,0,,449,1.34
rXyo0ixvkLs,They need to make it official bro Amy is the one ☝️💯,"May 31, 2024",29,16,0.0872,0,,270,3.7
sficu8VEiFs,Why Cars Don't Have Dimples? #shorts,"Aug 18, 2024",28,16,0.0594,0,,521,1.73
